Merk dan Tipe Motor,Tahun Motor,Lokasi Penjual,Harga,WaktuPenjualan
VARIO TECHNO 110 Th. 2011 . MANTAP MURMER,2011,"Genteng, Surabaya Kota",Rp 6.950.000,Hari ini
Monggo Supra X Helm In Tahun 2013 Plat W Sidoarjo,2013,"Tegalsari, Surabaya Kota",Rp 8.500.000,20 Mei
Yamaha Freego Type S 2019 Handal  -Eny Motor,2019,"Tegalsari, Surabaya Kota",Rp 15.000.000,15 Mei
GERCEP BRO HONDA BEAT ECO 2018,2018,"Genteng, Surabaya Kota",Rp 13.500.000,20 Mei
trail jadul siap trabas,<1986,"Wonokromo, Surabaya Kota",Rp 4.000.000,Hari ini
Vario RED CBS ISS,2014,"Gubeng, Surabaya Kota",Rp 9.700.000,Hari ini
Suzuki satria tahun 2012 like new,2012,"Gubeng, Surabaya Kota",Rp 7.750.000,5 hari yang lalu
Vario 110 cbs siap touring,2010,"Gubeng, Surabaya Kota",Rp 6.975.000,5 hari yang lalu
Tinggal Pakai Yamaha X-Ride Thn 2018 L SBY,2018,"Gubeng, Surabaya Kota",Rp 14.000.000,Hari ini
Stok Ready Yamaha X-Ride Thn 2018 L SBY,2018,"Graha, Surabaya Kota",Rp 14.000.000,Hari ini
Sepeda motor bonceng gerobak custom sesuai kebutuhan anda by papip. Id,2021,"Mulyorejo, Surabaya Kota",Rp 8.500.000,Hari ini
Jual Cepat Yamaha X-Ride Thn 2018 L SBY,2018,"Genteng, Surabaya Kota",Rp 14.000.000,Hari ini
sepedah motor honda suprax 125 tahun 2012,2012,"Gubeng, Surabaya Kota",Rp 8.700.000,Hari ini
Stok Limit Yamaha Soul GT Thn 2013 W SDA,2013,"Gubeng, Surabaya Kota",Rp 7.800.000,Hari ini
Ready Unit Yamaha Soul GT Thn 2013 W SDA,2013,"Graha, Surabaya Kota",Rp 7.800.000,Hari ini
Di Jual Yamaha Soul GTa Thn 2013 W SDA,2013,"Genteng, Surabaya Kota",Rp 7.800.000,Hari ini
BEAT STREET 2017. UM 500. BRV.  SAS JL BARATAJAYA 19 NO 5,2017,"Gubeng, Surabaya Kota",Rp 13.500.000,30 Mei
Mega pro 2001 pajek gress istimewa,2001,"Wonokromo, Surabaya Kota",Rp 12.500.000,23 Mei
Honda Beat Streeet Hitam Tahun 2019 Istimewa,2019,"Genteng, Surabaya Kota",Rp 14.900.000,29 Mei
Vespa super tahun 69,<1986,"Wonokromo, Surabaya Kota",Rp 15.000.000,30 Mei
